-- phpMyAdmin SQL Dump
-- version 4.5.1
-- http://www.phpmyadmin.net
--
-- Host: 127.0.0.1
-- Generation Time: Jan 18, 2018 at 05:17 AM
-- Server version: 5.6.14
-- PHP Version: 5.6.24

SET SQL_MODE = "NO_AUTO_VALUE_ON_ZERO";
SET time_zone = "+00:00";


/*!40101 SET @OLD_CHARACTER_SET_CLIENT=@@CHARACTER_SET_CLIENT */;
/*!40101 SET @OLD_CHARACTER_SET_RESULTS=@@CHARACTER_SET_RESULTS */;
/*!40101 SET @OLD_COLLATION_CONNECTION=@@COLLATION_CONNECTION */;
/*!40101 SET NAMES utf8mb4 */;

--
-- Database: `ssk_2017_web`
--

-- --------------------------------------------------------

--
-- Table structure for table `acc_aktifa`
--

CREATE TABLE `acc_aktifa` (
  `head` varchar(1) DEFAULT NULL,
  `tahunbulan` varchar(7) DEFAULT NULL,
  `kode` int(11) DEFAULT NULL,
  `saldo` decimal(42,4) DEFAULT NULL
) ENGINE=InnoDB DEFAULT CHARSET=latin1;

--
-- Dumping data for table `acc_aktifa`
--

INSERT INTO `acc_aktifa` (`head`, `tahunbulan`, `kode`, `saldo`) VALUES
('1', '201611', 11010, '1000000.0000'),
('1', '201611', 11020, '1001269626.0000'),
('1', '201611', 11050, '200000000.0000'),
('1', '201611', 13010, '45816000.0000'),
('1', '201611', 14010, '2720000.0000'),
('1', '201611', 17010, '1352572975.0000'),
('1', '201611', 17020, '-471574690.0000'),
('1', '201701', 11010, '0.0000'),
('1', '201701', 11020, '177068495.0000'),
('1', '201701', 13010, '-41316000.0000'),
('1', '201701', 13020, '-6858722.0000'),
('1', '201701', 14010, '1407000.0000'),
('1', '201701', 17020, '-7730012.0000'),
('1', '201702', 11020, '-11462218.0000'),
('1', '201702', 13010, '-1656000.0000'),
('1', '201702', 14010, '2161500.0000'),
('1', '201702', 17020, '-7730012.0000'),
('1', '201703', 11010, '0.0000'),
('1', '201703', 11020, '55159640.0000'),
('1', '201703', 13010, '58432175.0000'),
('1', '201703', 17020, '-7730012.0000'),
('1', '201704', 11010, '0.0000'),
('1', '201704', 11020, '222631503.0000'),
('1', '201704', 13010, '109240825.0000'),
('1', '201704', 14010, '1648000.0000'),
('1', '201704', 17020, '-7730012.0000'),
('1', '201705', 11020, '255273881.0000'),
('1', '201705', 13010, '-170517000.0000'),
('1', '201705', 14010, '2107500.0000'),
('1', '201705', 17020, '-7730012.0000'),
('1', '201706', 11020, '-784313459.0000'),
('1', '201706', 11050, '500000000.0000'),
('1', '201706', 13010, '29814250.0000'),
('1', '201706', 17020, '-7730012.0000'),
('1', '201707', 11020, '51628122.0000'),
('1', '201707', 11050, '250000000.0000'),
('1', '201707', 13010, '86098750.0000'),
('1', '201707', 14010, '800000.0000'),
('1', '201707', 17020, '-7730012.0000'),
('1', '201708', 11020, '118358819.0000'),
('1', '201708', 13010, '-58314000.0000'),
('1', '201708', 14010, '745000.0000'),
('1', '201708', 17020, '-7730012.0000'),
('1', '201709', 11020, '177145459.0000'),
('1', '201709', 13010, '-18068500.0000'),
('1', '201709', 14010, '2931500.0000'),
('1', '201709', 17020, '-7730012.0000'),
('1', '201710', 11020, '-415620653.0000'),
('1', '201710', 13010, '-26017000.0000'),
('1', '201710', 17020, '-7730012.0000'),
('1', '201711', 11020, '375372748.0000'),
('1', '201711', 13010, '-8758500.0000'),
('1', '201711', 14010, '740000.0000'),
('1', '201711', 17020, '-7730012.0000'),
('1', '201712', 11020, '32917496.0000'),
('1', '201712', 13010, '-4755000.0000'),
('1', '201712', 14010, '735000.0000'),
('1', '201712', 17020, '-7730012.0000'),
('1', '201801', 11010, '0.0000'),
('1', '201801', 11020, '-89931893.0000'),
('1', '201801', 14010, '740000.0000'),
('1', '201812', 11020, '37793000.0000');

-- --------------------------------------------------------

--
-- Table structure for table `acc_biaya`
--

CREATE TABLE `acc_biaya` (
  `head` varchar(1) DEFAULT NULL,
  `proyekfk` int(11) NOT NULL DEFAULT '0',
  `kontrakfk` int(11) DEFAULT NULL,
  `tahunbulan` varchar(7) DEFAULT NULL,
  `kode` int(11) DEFAULT NULL,
  `saldo` decimal(42,4) DEFAULT NULL
) ENGINE=InnoDB DEFAULT CHARSET=latin1;

--
-- Dumping data for table `acc_biaya`
--

INSERT INTO `acc_biaya` (`head`, `proyekfk`, `kontrakfk`, `tahunbulan`, `kode`, `saldo`) VALUES
('5', 4, 0, '201711', 52013, '0.0000'),
('6', 0, NULL, '201701', 64010, '4945410.0000'),
('6', 0, NULL, '201701', 64020, '29214069.0000'),
('6', 0, NULL, '201701', 64030, '35489318.0000'),
('6', 0, NULL, '201701', 68029, '100000.0000'),
('6', 0, NULL, '201702', 64020, '29821463.0000'),
('6', 0, NULL, '201702', 64030, '10909091.0000'),
('6', 0, NULL, '201702', 68029, '373355.0000'),
('6', 0, NULL, '201703', 64030, '17272727.0000'),
('6', 0, NULL, '201703', 68029, '420068.0000'),
('6', 0, NULL, '201704', 64020, '66171903.0000'),
('6', 0, NULL, '201704', 64030, '30150000.0000'),
('6', 0, NULL, '201704', 68029, '453801.0000'),
('6', 0, NULL, '201705', 64030, '34600000.0000'),
('6', 0, NULL, '201705', 68029, '541476.0000'),
('6', 0, NULL, '201706', 64030, '1617000.0000'),
('6', 0, NULL, '201706', 68029, '313012.0000'),
('6', 0, NULL, '201707', 64030, '36000000.0000'),
('6', 0, NULL, '201707', 68029, '281472.0000'),
('6', 0, NULL, '201708', 64030, '17500000.0000'),
('6', 0, NULL, '201708', 64040, '5666390.0000'),
('6', 0, NULL, '201708', 68029, '374001.0000'),
('6', 0, NULL, '201709', 64020, '18977827.0000'),
('6', 0, NULL, '201709', 64030, '24385460.0000'),
('6', 0, NULL, '201709', 68029, '515186.0000'),
('6', 0, NULL, '201710', 66080, '-7500000.0000'),
('6', 0, NULL, '201710', 68029, '337342.0000'),
('6', 0, NULL, '201711', 66080, '-9905550.0000'),
('6', 0, NULL, '201711', 68029, '321876.0000'),
('6', 0, 0, '201701', 64010, '0.0000'),
('6', 0, 0, '201701', 64020, '36586720.0000'),
('6', 0, 0, '201701', 64030, '18284541.0000'),
('6', 0, 0, '201701', 64040, '9478576.0000'),
('6', 0, 0, '201701', 65010, '57921078.0000'),
('6', 0, 0, '201701', 65030, '8710000.0000'),
('6', 0, 0, '201701', 65040, '312000.0000'),
('6', 0, 0, '201701', 66010, '492124.0000'),
('6', 0, 0, '201701', 66020, '10608040.0000'),
('6', 0, 0, '201701', 66040, '746300.0000'),
('6', 0, 0, '201701', 66060, '7730012.0000'),
('6', 0, 0, '201701', 68001, '1149200.0000'),
('6', 0, 0, '201701', 68002, '1326776.0000'),
('6', 0, 0, '201701', 68003, '56500.0000'),
('6', 0, 0, '201701', 68004, '91050.0000'),
('6', 0, 0, '201701', 68005, '1303388.0000'),
('6', 0, 0, '201701', 68006, '771650.0000'),
('6', 0, 0, '201701', 68008, '4020000.0000'),
('6', 0, 0, '201701', 68011, '2600000.0000'),
('6', 0, 0, '201701', 68012, '5525000.0000'),
('6', 0, 0, '201701', 68014, '882000.0000'),
('6', 0, 0, '201701', 68015, '26000.0000'),
('6', 0, 0, '201701', 68017, '446400.0000'),
('6', 0, 0, '201701', 68018, '189000.0000'),
('6', 0, 0, '201701', 68020, '1768000.0000'),
('6', 0, 0, '201701', 68022, '197500.0000'),
('6', 0, 0, '201701', 68028, '715000.0000'),
('6', 0, 0, '201701', 68029, '3577500.0000'),
('6', 0, 0, '201702', 64010, '0.0000'),
('6', 0, 0, '201702', 64040, '1985211.0000'),
('6', 0, 0, '201702', 65010, '57921078.0000'),
('6', 0, 0, '201702', 65020, '3383300.0000'),
('6', 0, 0, '201702', 65030, '8590000.0000'),
('6', 0, 0, '201702', 65040, '4772758.0000'),
('6', 0, 0, '201702', 66010, '529308.0000'),
('6', 0, 0, '201702', 66020, '15609920.0000'),
('6', 0, 0, '201702', 66040, '822500.0000'),
('6', 0, 0, '201702', 66050, '6150000.0000'),
('6', 0, 0, '201702', 66060, '7730012.0000'),
('6', 0, 0, '201702', 68001, '1931200.0000'),
('6', 0, 0, '201702', 68002, '2358100.0000'),
('6', 0, 0, '201702', 68003, '1858000.0000'),
('6', 0, 0, '201702', 68004, '40000.0000'),
('6', 0, 0, '201702', 68005, '600000.0000'),
('6', 0, 0, '201702', 68006, '354000.0000'),
('6', 0, 0, '201702', 68007, '500000.0000'),
('6', 0, 0, '201702', 68008, '1510000.0000'),
('6', 0, 0, '201702', 68011, '2134400.0000'),
('6', 0, 0, '201702', 68012, '2700000.0000'),
('6', 0, 0, '201702', 68014, '322100.0000'),
('6', 0, 0, '201702', 68017, '73600.0000'),
('6', 0, 0, '201702', 68022, '476000.0000'),
('6', 0, 0, '201702', 68024, '82500.0000'),
('6', 0, 0, '201702', 68026, '35200000.0000'),
('6', 0, 0, '201702', 68027, '111000.0000'),
('6', 0, 0, '201702', 68028, '475000.0000'),
('6', 0, 0, '201703', 64010, '0.0000'),
('6', 0, 0, '201703', 64040, '3267460.0000'),
('6', 0, 0, '201703', 65010, '57921078.0000'),
('6', 0, 0, '201703', 65020, '1269700.0000'),
('6', 0, 0, '201703', 65030, '8625000.0000'),
('6', 0, 0, '201703', 65040, '4772758.0000'),
('6', 0, 0, '201703', 66010, '1298284.0000'),
('6', 0, 0, '201703', 66020, '13576673.0000'),
('6', 0, 0, '201703', 66040, '708200.0000'),
('6', 0, 0, '201703', 66050, '12300000.0000'),
('6', 0, 0, '201703', 66060, '7730012.0000'),
('6', 0, 0, '201703', 66080, '33190500.0000'),
('6', 0, 0, '201703', 68001, '2822000.0000'),
('6', 0, 0, '201703', 68002, '1652600.0000'),
('6', 0, 0, '201703', 68003, '55000.0000'),
('6', 0, 0, '201703', 68004, '40000.0000'),
('6', 0, 0, '201703', 68005, '650075.0000'),
('6', 0, 0, '201703', 68006, '809600.0000'),
('6', 0, 0, '201703', 68007, '500000.0000'),
('6', 0, 0, '201703', 68008, '2490000.0000'),
('6', 0, 0, '201703', 68011, '1000000.0000'),
('6', 0, 0, '201703', 68012, '4050000.0000'),
('6', 0, 0, '201703', 68014, '188400.0000'),
('6', 0, 0, '201703', 68017, '84700.0000'),
('6', 0, 0, '201703', 68018, '394550.0000'),
('6', 0, 0, '201703', 68019, '1609500.0000'),
('6', 0, 0, '201703', 68021, '436000.0000'),
('6', 0, 0, '201703', 68022, '2078000.0000'),
('6', 0, 0, '201703', 68024, '309000.0000'),
('6', 0, 0, '201703', 68026, '27600000.0000'),
('6', 0, 0, '201703', 68027, '480000.0000'),
('6', 0, 0, '201703', 68028, '490000.0000'),
('6', 0, 0, '201704', 64010, '0.0000'),
('6', 0, 0, '201704', 64040, '8640341.0000'),
('6', 0, 0, '201704', 65020, '4077600.0000'),
('6', 0, 0, '201704', 65040, '4641758.0000'),
('6', 0, 0, '201704', 66010, '1397494.0000'),
('6', 0, 0, '201704', 66020, '20149006.0000'),
('6', 0, 0, '201704', 66030, '20000000.0000'),
('6', 0, 0, '201704', 66040, '682800.0000'),
('6', 0, 0, '201704', 66060, '7730012.0000'),
('6', 0, 0, '201704', 68001, '972400.0000'),
('6', 0, 0, '201704', 68002, '12900.0000'),
('6', 0, 0, '201704', 68003, '374000.0000'),
('6', 0, 0, '201704', 68006, '2069600.0000'),
('6', 0, 0, '201704', 68007, '6500000.0000'),
('6', 0, 0, '201704', 68008, '3520000.0000'),
('6', 0, 0, '201704', 68012, '7200000.0000'),
('6', 0, 0, '201704', 68014, '178000.0000'),
('6', 0, 0, '201704', 68022, '1112500.0000'),
('6', 0, 0, '201704', 68027, '3589250.0000'),
('6', 0, 0, '201704', 68028, '250000.0000'),
('6', 0, 0, '201704', 68029, '290000.0000'),
('6', 0, 0, '201705', 64010, '0.0000'),
('6', 0, 0, '201705', 64040, '14900.0000'),
('6', 0, 0, '201705', 65020, '6095000.0000'),
('6', 0, 0, '201705', 65040, '131000.0000'),
('6', 0, 0, '201705', 66020, '0.0000'),
('6', 0, 0, '201705', 66050, '6150000.0000'),
('6', 0, 0, '201705', 66060, '7730012.0000'),
('6', 0, 0, '201705', 68002, '1004163.0000'),
('6', 0, 0, '201705', 68005, '485416.0000'),
('6', 0, 0, '201705', 68006, '313000.0000'),
('6', 0, 0, '201705', 68014, '4801180.0000'),
('6', 0, 0, '201705', 68017, '2200.0000'),
('6', 0, 0, '201706', 64010, '0.0000'),
('6', 0, 0, '201706', 64040, '2922084.0000'),
('6', 0, 0, '201706', 65040, '83460876.0000'),
('6', 0, 0, '201706', 66010, '1372778.0000'),
('6', 0, 0, '201706', 66020, '17075552.0000'),
('6', 0, 0, '201706', 66040, '847900.0000'),
('6', 0, 0, '201706', 66050, '6150000.0000'),
('6', 0, 0, '201706', 66060, '7730012.0000'),
('6', 0, 0, '201706', 68001, '1162800.0000'),
('6', 0, 0, '201706', 68002, '1164100.0000'),
('6', 0, 0, '201706', 68003, '267600.0000'),
('6', 0, 0, '201706', 68004, '22000.0000'),
('6', 0, 0, '201706', 68005, '42000.0000'),
('6', 0, 0, '201706', 68006, '198250.0000'),
('6', 0, 0, '201706', 68008, '800000.0000'),
('6', 0, 0, '201706', 68013, '350000.0000'),
('6', 0, 0, '201706', 68015, '5000.0000'),
('6', 0, 0, '201706', 68017, '41000.0000'),
('6', 0, 0, '201706', 68025, '24430000.0000'),
('6', 0, 0, '201706', 68026, '25200000.0000'),
('6', 0, 0, '201706', 68028, '250000.0000'),
('6', 0, 0, '201706', 68029, '484000.0000'),
('6', 0, 0, '201707', 64040, '0.0000'),
('6', 0, 0, '201707', 66060, '7730012.0000'),
('6', 0, 0, '201708', 64040, '0.0000'),
('6', 0, 0, '201708', 66060, '7730012.0000'),
('6', 0, 0, '201709', 64020, '33530218.0000'),
('6', 0, 0, '201709', 64040, '0.0000'),
('6', 0, 0, '201709', 65010, '62149078.0000'),
('6', 0, 0, '201709', 65030, '8515000.0000'),
('6', 0, 0, '201709', 65040, '4903758.0000'),
('6', 0, 0, '201709', 66010, '1446612.0000'),
('6', 0, 0, '201709', 66020, '18263537.0000'),
('6', 0, 0, '201709', 66040, '784400.0000'),
('6', 0, 0, '201709', 66060, '7730012.0000'),
('6', 0, 0, '201709', 68001, '2978400.0000'),
('6', 0, 0, '201709', 68002, '1198346.0000'),
('6', 0, 0, '201709', 68003, '108000.0000'),
('6', 0, 0, '201709', 68004, '38000.0000'),
('6', 0, 0, '201709', 68005, '1383200.0000'),
('6', 0, 0, '201709', 68006, '928100.0000'),
('6', 0, 0, '201709', 68008, '2460000.0000'),
('6', 0, 0, '201709', 68011, '1500000.0000'),
('6', 0, 0, '201709', 68012, '4950000.0000'),
('6', 0, 0, '201709', 68014, '624700.0000'),
('6', 0, 0, '201709', 68017, '35800.0000'),
('6', 0, 0, '201709', 68021, '116500.0000'),
('6', 0, 0, '201709', 68024, '3000000.0000'),
('6', 0, 0, '201709', 68026, '12277500.0000'),
('6', 0, 0, '201709', 68028, '425000.0000'),
('6', 0, 0, '201710', 64040, '6677006.0000'),
('6', 0, 0, '201710', 65010, '62456078.0000'),
('6', 0, 0, '201710', 65030, '8905000.0000'),
('6', 0, 0, '201710', 65040, '4772758.0000'),
('6', 0, 0, '201710', 66010, '1255097.0000'),
('6', 0, 0, '201710', 66020, '18225168.0000'),
('6', 0, 0, '201710', 66040, '784400.0000'),
('6', 0, 0, '201710', 66060, '7730012.0000'),
('6', 0, 0, '201710', 68002, '1020000.0000'),
('6', 0, 0, '201710', 68003, '368000.0000'),
('6', 0, 0, '201710', 68004, '101500.0000'),
('6', 0, 0, '201710', 68005, '790114.0000'),
('6', 0, 0, '201710', 68006, '491250.0000'),
('6', 0, 0, '201710', 68008, '845000.0000'),
('6', 0, 0, '201710', 68011, '1000000.0000'),
('6', 0, 0, '201710', 68012, '450000.0000'),
('6', 0, 0, '201710', 68013, '4200000.0000'),
('6', 0, 0, '201710', 68014, '203750.0000'),
('6', 0, 0, '201710', 68017, '175400.0000'),
('6', 0, 0, '201710', 68024, '1625100.0000'),
('6', 0, 0, '201710', 68027, '810000.0000'),
('6', 0, 0, '201710', 68028, '250000.0000'),
('6', 0, 0, '201711', 64040, '0.0000'),
('6', 0, 0, '201711', 65010, '62456078.0000'),
('6', 0, 0, '201711', 65030, '8580000.0000'),
('6', 0, 0, '201711', 65040, '143000.0000'),
('6', 0, 0, '201711', 66050, '6150000.0000'),
('6', 0, 0, '201711', 66060, '7730012.0000'),
('6', 0, 0, '201711', 66080, '2782950.0000'),
('6', 0, 0, '201711', 68001, '2074000.0000'),
('6', 0, 0, '201711', 68004, '20000.0000'),
('6', 0, 0, '201711', 68006, '310900.0000'),
('6', 0, 0, '201711', 68015, '5000.0000'),
('6', 0, 0, '201711', 68022, '1034500.0000'),
('6', 0, 0, '201711', 68028, '200000.0000'),
('6', 0, 0, '201712', 64040, '0.0000'),
('6', 0, 0, '201712', 66060, '7730012.0000'),
('6', 0, 0, '201812', 64040, '0.0000'),
('6', 2, 0, '201701', 65020, '3674000.0000'),
('6', 2, 0, '201701', 65040, '4641758.0000'),
('6', 2, 0, '201701', 66050, '6150000.0000'),
('6', 2, 0, '201701', 68001, '952000.0000'),
('6', 2, 0, '201701', 68002, '500300.0000'),
('6', 2, 0, '201701', 68006, '233000.0000'),
('6', 2, 0, '201701', 68007, '500000.0000'),
('6', 2, 0, '201701', 68008, '510000.0000'),
('6', 2, 0, '201701', 68016, '350018.0000'),
('6', 2, 0, '201701', 68028, '250000.0000'),
('6', 2, 0, '201701', 68029, '3480000.0000'),
('6', 2, 0, '201705', 64040, '4885700.0000'),
('6', 2, 0, '201705', 65010, '115842156.0000'),
('6', 2, 0, '201705', 65030, '17195000.0000'),
('6', 2, 0, '201705', 65040, '61285074.0000'),
('6', 2, 0, '201705', 66010, '1414708.0000'),
('6', 2, 0, '201705', 66020, '17579022.0000'),
('6', 2, 0, '201705', 66030, '20000000.0000'),
('6', 2, 0, '201705', 66050, '12300000.0000'),
('6', 2, 0, '201705', 68001, '3168800.0000'),
('6', 2, 0, '201705', 68002, '676776.0000'),
('6', 2, 0, '201705', 68003, '139800.0000'),
('6', 2, 0, '201705', 68004, '20000.0000'),
('6', 2, 0, '201705', 68005, '1354087.0000'),
('6', 2, 0, '201705', 68006, '1214250.0000'),
('6', 2, 0, '201705', 68008, '4900000.0000'),
('6', 2, 0, '201705', 68011, '2000000.0000'),
('6', 2, 0, '201705', 68012, '6300000.0000'),
('6', 2, 0, '201705', 68013, '18825000.0000'),
('6', 2, 0, '201705', 68014, '5613790.0000'),
('6', 2, 0, '201705', 68017, '77800.0000'),
('6', 2, 0, '201705', 68018, '365400.0000'),
('6', 2, 0, '201705', 68022, '880000.0000'),
('6', 2, 0, '201705', 68023, '538500.0000'),
('6', 2, 0, '201705', 68024, '1390400.0000'),
('6', 2, 0, '201705', 68028, '924500.0000'),
('6', 2, 0, '201707', 64020, '30802925.0000'),
('6', 2, 0, '201707', 64040, '3158075.0000'),
('6', 2, 0, '201707', 65010, '62149078.0000'),
('6', 2, 0, '201707', 65030, '8935000.0000'),
('6', 2, 0, '201707', 65040, '4772758.0000'),
('6', 2, 0, '201707', 66010, '1354832.0000'),
('6', 2, 0, '201707', 66020, '11630775.0000'),
('6', 2, 0, '201707', 66030, '19830308.0000'),
('6', 2, 0, '201707', 66040, '809800.0000'),
('6', 2, 0, '201707', 68001, '1054000.0000'),
('6', 2, 0, '201707', 68002, '394000.0000'),
('6', 2, 0, '201707', 68003, '530000.0000'),
('6', 2, 0, '201707', 68004, '22000.0000'),
('6', 2, 0, '201707', 68005, '1335064.0000'),
('6', 2, 0, '201707', 68006, '599650.0000'),
('6', 2, 0, '201707', 68008, '3690000.0000'),
('6', 2, 0, '201707', 68011, '4100000.0000'),
('6', 2, 0, '201707', 68012, '8275000.0000'),
('6', 2, 0, '201707', 68017, '52200.0000'),
('6', 2, 0, '201707', 68025, '350000.0000'),
('6', 2, 0, '201707', 68028, '711000.0000'),
('6', 2, 0, '201707', 68029, '182000.0000'),
('6', 2, 0, '201708', 64020, '39189800.0000'),
('6', 2, 0, '201708', 64040, '9658843.0000'),
('6', 2, 0, '201708', 65010, '62149078.0000'),
('6', 2, 0, '201708', 65030, '9395000.0000'),
('6', 2, 0, '201708', 65040, '19708596.0000'),
('6', 2, 0, '201708', 66010, '1358697.0000'),
('6', 2, 0, '201708', 66020, '21641334.0000'),
('6', 2, 0, '201708', 66040, '1689100.0000'),
('6', 2, 0, '201708', 66050, '12300000.0000'),
('6', 2, 0, '201708', 68001, '2006000.0000'),
('6', 2, 0, '201708', 68002, '1046600.0000'),
('6', 2, 0, '201708', 68004, '20000.0000'),
('6', 2, 0, '201708', 68005, '450038.0000'),
('6', 2, 0, '201708', 68006, '580650.0000'),
('6', 2, 0, '201708', 68008, '2605000.0000'),
('6', 2, 0, '201708', 68011, '1500000.0000'),
('6', 2, 0, '201708', 68012, '4500000.0000'),
('6', 2, 0, '201708', 68013, '950000.0000'),
('6', 2, 0, '201708', 68014, '205000.0000'),
('6', 2, 0, '201708', 68017, '27400.0000'),
('6', 2, 0, '201708', 68018, '273200.0000'),
('6', 2, 0, '201708', 68024, '329500.0000'),
('6', 2, 0, '201708', 68027, '1403150.0000'),
('6', 2, 0, '201708', 68028, '1256000.0000'),
('6', 2, 0, '201708', 68029, '892000.0000'),
('6', 2, 0, '201709', 64040, '6100.0000'),
('6', 2, 0, '201709', 65020, '4421600.0000'),
('6', 2, 0, '201709', 65040, '136388.0000'),
('6', 2, 0, '201709', 66050, '6150000.0000'),
('6', 2, 0, '201709', 68002, '128000.0000'),
('6', 2, 0, '201709', 68003, '316800.0000'),
('6', 2, 0, '201709', 68006, '63000.0000'),
('6', 2, 0, '201709', 68008, '200000.0000'),
('6', 2, 0, '201709', 68024, '729800.0000'),
('6', 2, 0, '201709', 68028, '250000.0000'),
('6', 2, 0, '201710', 64040, '20600.0000'),
('6', 2, 0, '201710', 65020, '1542100.0000'),
('6', 2, 0, '201710', 66080, '333438715.0000'),
('6', 2, 0, '201710', 68001, '686800.0000'),
('6', 2, 0, '201710', 68002, '1131000.0000'),
('6', 2, 0, '201710', 68003, '622000.0000'),
('6', 2, 0, '201710', 68006, '31500.0000'),
('6', 2, 0, '201710', 68017, '29800.0000'),
('6', 2, 0, '201710', 68018, '111000.0000'),
('6', 2, 0, '201710', 68024, '1235600.0000'),
('6', 2, 0, '201710', 68028, '849000.0000'),
('6', 2, 0, '201711', 64040, '1841100.0000'),
('6', 2, 0, '201711', 65020, '1752000.0000'),
('6', 2, 0, '201711', 65040, '6305137.0000'),
('6', 2, 0, '201711', 66010, '1420291.0000'),
('6', 2, 0, '201711', 66020, '11510519.0000'),
('6', 2, 0, '201711', 66040, '911400.0000'),
('6', 2, 0, '201711', 66050, '6150000.0000'),
('6', 2, 0, '201711', 68003, '208800.0000'),
('6', 2, 0, '201711', 68004, '63500.0000'),
('6', 2, 0, '201711', 68005, '942671.0000'),
('6', 2, 0, '201711', 68006, '472500.0000'),
('6', 2, 0, '201711', 68008, '2870000.0000'),
('6', 2, 0, '201711', 68011, '1600000.0000'),
('6', 2, 0, '201711', 68013, '250000.0000'),
('6', 2, 0, '201711', 68014, '200800.0000'),
('6', 2, 0, '201711', 68017, '36000.0000'),
('6', 2, 0, '201711', 68027, '1705000.0000'),
('6', 2, 0, '201711', 68028, '1332000.0000'),
('6', 2, 0, '201712', 65010, '62456078.0000'),
('6', 2, 0, '201712', 65020, '4350070.0000'),
('6', 2, 0, '201712', 65030, '8905000.0000'),
('6', 2, 0, '201712', 65040, '643000.0000'),
('6', 2, 0, '201712', 66050, '6150000.0000'),
('6', 2, 0, '201712', 66080, '9905550.0000'),
('6', 2, 0, '201712', 68001, '986000.0000'),
('6', 2, 0, '201712', 68002, '891813.0000'),
('6', 2, 0, '201712', 68003, '353500.0000'),
('6', 2, 0, '201712', 68004, '20000.0000'),
('6', 2, 0, '201712', 68005, '880210.0000'),
('6', 2, 0, '201712', 68006, '714400.0000'),
('6', 2, 0, '201712', 68011, '2094000.0000'),
('6', 2, 0, '201712', 68017, '60700.0000'),
('6', 2, 0, '201712', 68018, '195000.0000'),
('6', 2, 0, '201712', 68019, '1352500.0000'),
('6', 2, 0, '201712', 68025, '210700.0000'),
('6', 2, 0, '201712', 68028, '360000.0000'),
('6', 2, 0, '201801', 64040, '6476084.0000'),
('6', 2, 0, '201801', 65020, '4327600.0000'),
('6', 2, 0, '201801', 65040, '6573343.0000'),
('6', 2, 0, '201801', 66010, '1336224.0000'),
('6', 2, 0, '201801', 66020, '16162386.0000'),
('6', 2, 0, '201801', 66040, '543100.0000'),
('6', 2, 0, '201801', 66050, '6150000.0000'),
('6', 2, 0, '201801', 68001, '2026400.0000'),
('6', 2, 0, '201801', 68002, '868156.0000'),
('6', 2, 0, '201801', 68003, '91500.0000'),
('6', 2, 0, '201801', 68004, '120000.0000'),
('6', 2, 0, '201801', 68006, '367000.0000'),
('6', 2, 0, '201801', 68008, '6635000.0000'),
('6', 2, 0, '201801', 68014, '3383100.0000'),
('6', 2, 0, '201801', 68017, '370700.0000'),
('6', 2, 0, '201801', 68024, '696500.0000'),
('6', 2, 0, '201801', 68028, '275000.0000'),
('6', 3, 0, '201701', 64010, '0.0000'),
('6', 3, 0, '201701', 64020, '0.0000'),
('6', 3, 0, '201701', 64030, '0.0000'),
('6', 3, 0, '201701', 64040, '0.0000'),
('6', 3, 0, '201702', 64010, '0.0000'),
('6', 3, 0, '201702', 64020, '0.0000'),
('6', 3, 0, '201702', 64030, '0.0000'),
('6', 3, 0, '201702', 64040, '0.0000'),
('6', 3, 0, '201703', 64010, '0.0000'),
('6', 3, 0, '201703', 64020, '0.0000'),
('6', 3, 0, '201703', 64030, '0.0000'),
('6', 3, 0, '201703', 64040, '0.0000'),
('6', 3, 0, '201704', 64010, '0.0000'),
('6', 3, 0, '201704', 64020, '0.0000'),
('6', 3, 0, '201704', 64030, '0.0000'),
('6', 3, 0, '201704', 64040, '0.0000'),
('6', 3, 0, '201705', 64010, '0.0000'),
('6', 3, 0, '201705', 64030, '0.0000'),
('6', 3, 0, '201705', 64040, '0.0000'),
('6', 3, 0, '201705', 66020, '0.0000'),
('6', 3, 0, '201706', 64010, '0.0000'),
('6', 3, 0, '201706', 64020, '0.0000'),
('6', 3, 0, '201706', 64030, '0.0000'),
('6', 3, 0, '201706', 64040, '18100.0000'),
('6', 3, 0, '201706', 65010, '57921078.0000'),
('6', 3, 0, '201706', 65020, '3293600.0000'),
('6', 3, 0, '201706', 65030, '8710000.0000'),
('6', 3, 0, '201706', 65040, '3000000.0000'),
('6', 3, 0, '201706', 68002, '650000.0000'),
('6', 3, 0, '201706', 68003, '157000.0000'),
('6', 3, 0, '201706', 68004, '470000.0000'),
('6', 3, 0, '201706', 68005, '190000.0000'),
('6', 3, 0, '201706', 68006, '309000.0000'),
('6', 3, 0, '201706', 68007, '500000.0000'),
('6', 3, 0, '201706', 68008, '1080000.0000'),
('6', 3, 0, '201706', 68011, '1400000.0000'),
('6', 3, 0, '201706', 68014, '810000.0000'),
('6', 3, 0, '201706', 68015, '5000.0000'),
('6', 3, 0, '201706', 68017, '78200.0000'),
('6', 3, 0, '201706', 68021, '169000.0000'),
('6', 3, 0, '201706', 68022, '536000.0000'),
('6', 3, 0, '201706', 68025, '385000.0000'),
('6', 3, 0, '201706', 68028, '200000.0000'),
('6', 3, 0, '201706', 68029, '55800.0000'),
('6', 3, 0, '201707', 64010, '0.0000'),
('6', 3, 0, '201707', 64020, '0.0000'),
('6', 3, 0, '201707', 64030, '0.0000'),
('6', 3, 0, '201707', 64040, '0.0000'),
('6', 3, 0, '201707', 65020, '6997900.0000'),
('6', 3, 0, '201707', 66050, '6150000.0000'),
('6', 3, 0, '201707', 68001, '1026800.0000'),
('6', 3, 0, '201707', 68002, '128600.0000'),
('6', 3, 0, '201707', 68006, '381250.0000'),
('6', 3, 0, '201707', 68015, '5000.0000'),
('6', 3, 0, '201707', 68017, '15000.0000'),
('6', 3, 0, '201707', 68024, '467000.0000'),
('6', 3, 0, '201707', 68028, '250000.0000'),
('6', 3, 0, '201707', 68029, '490500.0000'),
('6', 3, 0, '201708', 64010, '0.0000'),
('6', 3, 0, '201708', 64020, '0.0000'),
('6', 3, 0, '201708', 64030, '0.0000'),
('6', 3, 0, '201708', 64040, '17400.0000'),
('6', 3, 0, '201708', 65020, '2373300.0000'),
('6', 3, 0, '201708', 68001, '605200.0000'),
('6', 3, 0, '201708', 68002, '1701800.0000'),
('6', 3, 0, '201708', 68004, '40000.0000'),
('6', 3, 0, '201708', 68006, '122000.0000'),
('6', 3, 0, '201708', 68013, '5250000.0000'),
('6', 3, 0, '201708', 68017, '102300.0000'),
('6', 3, 0, '201708', 68022, '264200.0000'),
('6', 3, 0, '201708', 68028, '25000.0000'),
('6', 3, 0, '201708', 68029, '780000.0000'),
('6', 3, 0, '201709', 64010, '0.0000'),
('6', 3, 0, '201709', 64020, '0.0000'),
('6', 3, 0, '201709', 64030, '0.0000'),
('6', 3, 0, '201709', 64040, '0.0000'),
('6', 3, 0, '201710', 64010, '0.0000'),
('6', 3, 0, '201710', 64030, '0.0000'),
('6', 3, 0, '201710', 64040, '0.0000'),
('6', 3, 0, '201711', 64010, '0.0000'),
('6', 3, 0, '201711', 64020, '0.0000'),
('6', 3, 0, '201711', 64030, '0.0000'),
('6', 3, 0, '201711', 64040, '0.0000'),
('6', 3, 0, '201712', 64010, '0.0000'),
('6', 3, 0, '201712', 64020, '0.0000'),
('6', 3, 0, '201712', 64030, '0.0000'),
('6', 3, 0, '201712', 64040, '8378896.0000'),
('6', 3, 0, '201712', 65040, '6566377.0000'),
('6', 3, 0, '201712', 66010, '1362995.0000'),
('6', 3, 0, '201712', 66020, '19621428.0000'),
('6', 3, 0, '201712', 66040, '1175100.0000'),
('6', 3, 0, '201712', 68001, '1108400.0000'),
('6', 3, 0, '201712', 68002, '2475000.0000'),
('6', 3, 0, '201712', 68003, '625350.0000'),
('6', 3, 0, '201712', 68004, '40000.0000'),
('6', 3, 0, '201712', 68006, '189000.0000'),
('6', 3, 0, '201712', 68008, '6095000.0000'),
('6', 3, 0, '201712', 68011, '500000.0000'),
('6', 3, 0, '201712', 68014, '156000.0000'),
('6', 3, 0, '201712', 68017, '38000.0000'),
('6', 3, 0, '201712', 68024, '53600.0000'),
('6', 3, 0, '201712', 68028, '275000.0000'),
('6', 3, 0, '201812', 64010, '0.0000'),
('6', 3, 0, '201812', 64030, '0.0000'),
('6', 3, 0, '201812', 64040, '0.0000'),
('6', 4, 0, '201702', 64010, '0.0000'),
('6', 4, 0, '201702', 64040, '0.0000'),
('6', 4, 0, '201702', 65010, '0.0000'),
('6', 4, 0, '201702', 66020, '0.0000'),
('6', 4, 0, '201703', 64010, '0.0000'),
('6', 4, 0, '201703', 66020, '0.0000'),
('6', 4, 0, '201704', 64010, '0.0000'),
('6', 4, 0, '201704', 65010, '0.0000'),
('6', 4, 0, '201704', 66020, '0.0000'),
('6', 4, 0, '201705', 64010, '0.0000'),
('6', 4, 0, '201705', 66020, '0.0000'),
('6', 4, 0, '201706', 64010, '0.0000'),
('6', 4, 0, '201706', 64040, '0.0000'),
('6', 4, 0, '201706', 65010, '0.0000'),
('6', 4, 0, '201707', 64010, '0.0000'),
('6', 4, 0, '201707', 64040, '0.0000'),
('6', 4, 0, '201707', 66020, '0.0000'),
('6', 4, 0, '201708', 64010, '0.0000'),
('6', 4, 0, '201708', 64040, '0.0000'),
('6', 4, 0, '201708', 66020, '0.0000'),
('6', 4, 0, '201709', 64010, '0.0000'),
('6', 4, 0, '201709', 64040, '0.0000'),
('6', 4, 0, '201709', 66020, '0.0000'),
('6', 4, 0, '201710', 64010, '0.0000'),
('6', 4, 0, '201710', 65010, '0.0000'),
('6', 4, 0, '201710', 66020, '0.0000'),
('6', 4, 0, '201711', 64010, '0.0000'),
('6', 4, 0, '201711', 64040, '0.0000'),
('6', 4, 0, '201711', 66020, '0.0000'),
('6', 4, 0, '201712', 64010, '0.0000'),
('6', 4, 0, '201712', 66020, '0.0000'),
('6', 4, 0, '201812', 64010, '0.0000'),
('6', 4, 0, '201812', 66020, '0.0000');

-- --------------------------------------------------------

--
-- Table structure for table `acc_kiraan`
--

CREATE TABLE `acc_kiraan` (
  `kode` int(10) NOT NULL DEFAULT '0',
  `nosubklasifikasi` int(10) DEFAULT NULL,
  `kurs` varchar(255) DEFAULT NULL,
  `nama` varchar(255) DEFAULT NULL,
  `aliasnama` varchar(255) DEFAULT NULL,
  `totaldebit_ytd` double(53,0) DEFAULT NULL,
  `totalkredit_ytd` double(53,0) DEFAULT NULL,
  `saldoakhir` double(53,0) DEFAULT NULL,
  `saldoawal` double(53,0) DEFAULT NULL,
  `checking` varchar(255) DEFAULT NULL,
  `parent` int(10) DEFAULT NULL,
  `notactive` varchar(255) DEFAULT NULL,
  `saldoawal_a` double(53,0) DEFAULT NULL,
  `saldoakhir_a` double(53,0) DEFAULT NULL,
  `nilaikursawal` double(53,0) DEFAULT NULL,
  `nilaikursakhir` double(53,0) DEFAULT NULL,
  `kodealias` varchar(255) DEFAULT NULL,
  `tempnama` varchar(50) DEFAULT NULL,
  `isparent` varchar(1) DEFAULT NULL,
  `islr` varchar(1) DEFAULT NULL,
  `levelid` int(10) DEFAULT NULL,
  `dept` int(10) NOT NULL,
  `tanggaledit` datetime NOT NULL
) ENGINE=InnoDB DEFAULT CHARSET=latin1;

--
-- Dumping data for table `acc_kiraan`
--

INSERT INTO `acc_kiraan` (`kode`, `nosubklasifikasi`, `kurs`, `nama`, `aliasnama`, `totaldebit_ytd`, `totalkredit_ytd`, `saldoakhir`, `saldoawal`, `checking`, `parent`, `notactive`, `saldoawal_a`, `saldoakhir_a`, `nilaikursawal`, `nilaikursakhir`, `kodealias`, `tempnama`, `isparent`, `islr`, `levelid`, `dept`, `tanggaledit`) VALUES
(11010, 110, 'IDR', 'KAS DITANGAN', 'KAS KECIL', 0, 0, 0, 0, 'F', 1, 'F', 0, 0, 0, NULL, NULL, NULL, 'A', 'F', NULL, 0, '0000-00-00 00:00:00'),
(11020, 110, NULL, 'KAS DIBANK - MANDIRI 138-00-8500035-9', NULL, NULL, NULL, NULL, NULL, NULL, NULL, NULL, NULL, NULL, NULL, NULL, NULL, NULL, 'A', 'F', NULL, 0, '0000-00-00 00:00:00'),
(11030, 110, NULL, 'DANA INVESTASI', NULL, NULL, NULL, NULL, NULL, NULL, NULL, NULL, NULL, NULL, NULL, NULL, NULL, NULL, 'A', 'F', NULL, 0, '0000-00-00 00:00:00'),
(11040, 110, NULL, 'DEPOSITO', NULL, NULL, NULL, NULL, NULL, NULL, NULL, NULL, NULL, NULL, NULL, NULL, NULL, NULL, 'A', 'F', NULL, 0, '0000-00-00 00:00:00'),
(11050, 110, NULL, 'UANG MUKA', NULL, NULL, NULL, NULL, NULL, NULL, NULL, NULL, NULL, NULL, NULL, NULL, NULL, NULL, 'A', 'F', NULL, 0, '0000-00-00 00:00:00'),
(13010, 130, NULL, 'PIUTANG DAGANG', NULL, NULL, NULL, NULL, NULL, NULL, NULL, NULL, NULL, NULL, NULL, NULL, NULL, NULL, 'A', 'F', NULL, 0, '0000-00-00 00:00:00'),
(13020, 130, NULL, 'PIUTANG KARYAWAN', NULL, NULL, NULL, NULL, NULL, NULL, NULL, NULL, NULL, NULL, NULL, NULL, NULL, NULL, 'A', 'F', NULL, 0, '0000-00-00 00:00:00'),
(13040, 130, NULL, 'PAJAK MASUKAN', NULL, NULL, NULL, NULL, NULL, NULL, NULL, NULL, NULL, NULL, NULL, NULL, NULL, NULL, 'A', 'F', NULL, 0, '0000-00-00 00:00:00'),
(14010, 140, NULL, 'PERSEDIAAN', NULL, NULL, NULL, NULL, NULL, NULL, NULL, NULL, NULL, NULL, NULL, NULL, NULL, NULL, 'A', 'F', NULL, 0, '0000-00-00 00:00:00'),
(17010, 170, NULL, 'INVENTARIS', NULL, NULL, NULL, NULL, NULL, NULL, NULL, NULL, NULL, NULL, NULL, NULL, NULL, NULL, 'A', 'F', NULL, 0, '0000-00-00 00:00:00'),
(17020, 170, NULL, 'AKUMULASI PENYUSUTAN', NULL, NULL, NULL, NULL, NULL, NULL, NULL, NULL, NULL, NULL, NULL, NULL, NULL, NULL, 'A', 'F', NULL, 0, '0000-00-00 00:00:00'),
(21010, 210, NULL, 'HUTANG DAGANG', NULL, NULL, NULL, NULL, NULL, NULL, NULL, NULL, NULL, NULL, NULL, NULL, NULL, NULL, 'B', 'F', NULL, 0, '0000-00-00 00:00:00'),
(21020, 210, NULL, 'HUTANG PAJAK DAN BIAYA YMH DIBAYAR', NULL, NULL, NULL, NULL, NULL, NULL, NULL, NULL, NULL, NULL, NULL, NULL, NULL, NULL, 'B', 'F', NULL, 0, '0000-00-00 00:00:00'),
(21030, 210, NULL, 'HUTANG LAINNYA', NULL, NULL, NULL, NULL, NULL, NULL, NULL, NULL, NULL, NULL, NULL, NULL, NULL, NULL, 'B', 'F', NULL, 0, '0000-00-00 00:00:00'),
(32010, 320, NULL, 'AKUMULASI SURPLUS (DEFISIT)', NULL, NULL, NULL, NULL, NULL, NULL, NULL, NULL, NULL, NULL, NULL, NULL, NULL, NULL, 'B', 'F', NULL, 0, '0000-00-00 00:00:00'),
(32020, 320, NULL, 'SURPLUS (DEFISIT) TAHUN BERJALAN', NULL, NULL, NULL, NULL, NULL, NULL, NULL, NULL, NULL, NULL, NULL, NULL, NULL, NULL, 'B', 'F', NULL, 0, '0000-00-00 00:00:00'),
(32099, 320, NULL, 'HISTORICAL BALANCE', NULL, NULL, NULL, NULL, NULL, NULL, NULL, NULL, NULL, NULL, NULL, NULL, NULL, NULL, 'B', 'F', NULL, 0, '0000-00-00 00:00:00'),
(44010, 440, NULL, 'PENDOPO DAN RUANGAN', NULL, NULL, NULL, NULL, NULL, NULL, NULL, NULL, NULL, NULL, NULL, NULL, NULL, NULL, 'B', 'T', NULL, 0, '0000-00-00 00:00:00'),
(44020, 440, NULL, 'KAMAR - KAMAR', NULL, NULL, NULL, NULL, NULL, NULL, NULL, NULL, NULL, NULL, NULL, NULL, NULL, NULL, 'B', 'T', NULL, 0, '0000-00-00 00:00:00'),
(44030, 440, NULL, 'LAIN - LAIN', NULL, NULL, NULL, NULL, NULL, NULL, NULL, NULL, NULL, NULL, NULL, NULL, NULL, NULL, 'B', 'T', NULL, 0, '0000-00-00 00:00:00'),
(44040, 440, NULL, 'POTONGAN / DISKON', NULL, NULL, NULL, NULL, NULL, NULL, NULL, NULL, NULL, NULL, NULL, NULL, NULL, NULL, 'B', 'T', NULL, 0, '0000-00-00 00:00:00'),
(64010, 640, NULL, 'BEBAN MARKETING', NULL, NULL, NULL, NULL, NULL, NULL, NULL, NULL, NULL, NULL, NULL, NULL, NULL, NULL, 'A', 'T', NULL, 0, '0000-00-00 00:00:00'),
(64020, 640, NULL, 'BEBAN SERVICE', NULL, NULL, NULL, NULL, NULL, NULL, NULL, NULL, NULL, NULL, NULL, NULL, NULL, NULL, 'A', 'T', NULL, 0, '0000-00-00 00:00:00'),
(64030, 640, NULL, 'BEBAN PAJAK', NULL, NULL, NULL, NULL, NULL, NULL, NULL, NULL, NULL, NULL, NULL, NULL, NULL, NULL, 'A', 'T', NULL, 0, '0000-00-00 00:00:00'),
(64040, 640, NULL, 'BEBAN PAJAK SEWA KAMAR', NULL, NULL, NULL, NULL, NULL, NULL, NULL, NULL, NULL, NULL, NULL, NULL, NULL, NULL, 'A', 'T', NULL, 0, '0000-00-00 00:00:00'),
(65010, 650, NULL, 'GAJI', NULL, NULL, NULL, NULL, NULL, NULL, NULL, NULL, NULL, NULL, NULL, NULL, NULL, NULL, 'A', 'T', NULL, 0, '0000-00-00 00:00:00'),
(65020, 650, NULL, 'UPAH LEMBUR', NULL, NULL, NULL, NULL, NULL, NULL, NULL, NULL, NULL, NULL, NULL, NULL, NULL, NULL, 'A', 'T', NULL, 0, '0000-00-00 00:00:00'),
(65030, 650, NULL, 'UANG MAKAN', NULL, NULL, NULL, NULL, NULL, NULL, NULL, NULL, NULL, NULL, NULL, NULL, NULL, NULL, 'A', 'T', NULL, 0, '0000-00-00 00:00:00'),
(65040, 650, NULL, 'BIAYA KARYAWAN', NULL, NULL, NULL, NULL, NULL, NULL, NULL, NULL, NULL, NULL, NULL, NULL, NULL, NULL, 'A', 'T', NULL, 0, '0000-00-00 00:00:00'),
(66010, 660, NULL, 'BEBAN KOMUNIKASI', NULL, NULL, NULL, NULL, NULL, NULL, NULL, NULL, NULL, NULL, NULL, NULL, NULL, NULL, 'A', 'T', NULL, 0, '0000-00-00 00:00:00'),
(66020, 660, NULL, 'BEBAN LISTRIK', NULL, NULL, NULL, NULL, NULL, NULL, NULL, NULL, NULL, NULL, NULL, NULL, NULL, NULL, 'A', 'T', NULL, 0, '0000-00-00 00:00:00'),
(66030, 660, NULL, 'BEBAN PBB', NULL, NULL, NULL, NULL, NULL, NULL, NULL, NULL, NULL, NULL, NULL, NULL, NULL, NULL, 'A', 'T', NULL, 0, '0000-00-00 00:00:00'),
(66040, 660, NULL, 'BEBAN AIR', NULL, NULL, NULL, NULL, NULL, NULL, NULL, NULL, NULL, NULL, NULL, NULL, NULL, NULL, 'A', 'T', NULL, 0, '0000-00-00 00:00:00'),
(66050, 660, NULL, 'BEBAN SOLAR', NULL, NULL, NULL, NULL, NULL, NULL, NULL, NULL, NULL, NULL, NULL, NULL, NULL, NULL, 'A', 'T', NULL, 0, '0000-00-00 00:00:00'),
(66060, 660, NULL, 'BEBAN PENYUSUTAN', NULL, NULL, NULL, NULL, NULL, NULL, NULL, NULL, NULL, NULL, NULL, NULL, NULL, NULL, 'A', 'T', NULL, 0, '0000-00-00 00:00:00'),
(66070, 660, NULL, 'BEBAN CADANGAN RENOVASI', NULL, NULL, NULL, NULL, NULL, NULL, NULL, NULL, NULL, NULL, NULL, NULL, NULL, NULL, 'A', 'T', NULL, 0, '0000-00-00 00:00:00'),
(66080, 660, NULL, 'BEBAN CADANGAN ASURANSI', NULL, NULL, NULL, NULL, NULL, NULL, NULL, NULL, NULL, NULL, NULL, NULL, NULL, NULL, 'A', 'T', NULL, 0, '0000-00-00 00:00:00'),
(68001, 680, NULL, 'BIAYA CUCIAN', NULL, NULL, NULL, NULL, NULL, NULL, NULL, NULL, NULL, NULL, NULL, NULL, NULL, NULL, 'A', 'T', NULL, 0, '0000-00-00 00:00:00'),
(68002, 680, NULL, 'BIAYA KEBERSIHAN', NULL, NULL, NULL, NULL, NULL, NULL, NULL, NULL, NULL, NULL, NULL, NULL, NULL, NULL, 'A', 'T', NULL, 0, '0000-00-00 00:00:00'),
(68003, 680, NULL, 'CETAKAN DAN ALAT TULIS', NULL, NULL, NULL, NULL, NULL, NULL, NULL, NULL, NULL, NULL, NULL, NULL, NULL, NULL, 'A', 'T', NULL, 0, '0000-00-00 00:00:00'),
(68004, 680, NULL, 'POS DAN MATERAI', NULL, NULL, NULL, NULL, NULL, NULL, NULL, NULL, NULL, NULL, NULL, NULL, NULL, NULL, 'A', 'T', NULL, 0, '0000-00-00 00:00:00'),
(68005, 680, NULL, 'TRANSPORTRASI', NULL, NULL, NULL, NULL, NULL, NULL, NULL, NULL, NULL, NULL, NULL, NULL, NULL, NULL, 'A', 'T', NULL, 0, '0000-00-00 00:00:00'),
(68006, 680, NULL, 'BIAYA TAMU', NULL, NULL, NULL, NULL, NULL, NULL, NULL, NULL, NULL, NULL, NULL, NULL, NULL, NULL, 'A', 'T', NULL, 0, '0000-00-00 00:00:00'),
(68007, 680, NULL, 'BIAYA AUDIT', NULL, NULL, NULL, NULL, NULL, NULL, NULL, NULL, NULL, NULL, NULL, NULL, NULL, NULL, 'A', 'T', NULL, 0, '0000-00-00 00:00:00'),
(68008, 680, NULL, 'BIAYA DINAS', NULL, NULL, NULL, NULL, NULL, NULL, NULL, NULL, NULL, NULL, NULL, NULL, NULL, NULL, 'A', 'T', NULL, 0, '0000-00-00 00:00:00'),
(68009, 680, NULL, 'PHOTOGRAPHY', NULL, NULL, NULL, NULL, NULL, NULL, NULL, NULL, NULL, NULL, NULL, NULL, NULL, NULL, 'A', 'T', NULL, 0, '0000-00-00 00:00:00'),
(68010, 680, NULL, 'BROSUR', NULL, NULL, NULL, NULL, NULL, NULL, NULL, NULL, NULL, NULL, NULL, NULL, NULL, NULL, 'A', 'T', NULL, 0, '0000-00-00 00:00:00'),
(68011, 680, NULL, 'PROMOSI LAIN', NULL, NULL, NULL, NULL, NULL, NULL, NULL, NULL, NULL, NULL, NULL, NULL, NULL, NULL, 'A', 'T', NULL, 0, '0000-00-00 00:00:00'),
(68012, 680, NULL, 'DEKORASI', NULL, NULL, NULL, NULL, NULL, NULL, NULL, NULL, NULL, NULL, NULL, NULL, NULL, NULL, 'A', 'T', NULL, 0, '0000-00-00 00:00:00'),
(68013, 680, NULL, 'DONATUR', NULL, NULL, NULL, NULL, NULL, NULL, NULL, NULL, NULL, NULL, NULL, NULL, NULL, NULL, 'A', 'T', NULL, 0, '0000-00-00 00:00:00'),
(68014, 680, NULL, 'JAMUAN', NULL, NULL, NULL, NULL, NULL, NULL, NULL, NULL, NULL, NULL, NULL, NULL, NULL, NULL, 'A', 'T', NULL, 0, '0000-00-00 00:00:00'),
(68015, 680, NULL, 'BIAYA BANK', NULL, NULL, NULL, NULL, NULL, NULL, NULL, NULL, NULL, NULL, NULL, NULL, NULL, NULL, 'A', 'T', NULL, 0, '0000-00-00 00:00:00'),
(68016, 680, NULL, 'PAJAK LAIN - LAIN', NULL, NULL, NULL, NULL, NULL, NULL, NULL, NULL, NULL, NULL, NULL, NULL, NULL, NULL, 'A', 'T', NULL, 0, '0000-00-00 00:00:00'),
(68017, 680, NULL, 'FOTOCOPY', NULL, NULL, NULL, NULL, NULL, NULL, NULL, NULL, NULL, NULL, NULL, NULL, NULL, NULL, 'A', 'T', NULL, 0, '0000-00-00 00:00:00'),
(68018, 680, NULL, 'BOLAM', NULL, NULL, NULL, NULL, NULL, NULL, NULL, NULL, NULL, NULL, NULL, NULL, NULL, NULL, 'A', 'T', NULL, 0, '0000-00-00 00:00:00'),
(68019, 680, NULL, 'OLIE', NULL, NULL, NULL, NULL, NULL, NULL, NULL, NULL, NULL, NULL, NULL, NULL, NULL, NULL, 'A', 'T', NULL, 0, '0000-00-00 00:00:00'),
(68020, 680, NULL, 'PEMADAM KEBAKARAN', NULL, NULL, NULL, NULL, NULL, NULL, NULL, NULL, NULL, NULL, NULL, NULL, NULL, NULL, 'A', 'T', NULL, 0, '0000-00-00 00:00:00'),
(68021, 680, NULL, 'FURNITURE', NULL, NULL, NULL, NULL, NULL, NULL, NULL, NULL, NULL, NULL, NULL, NULL, NULL, NULL, 'A', 'T', NULL, 0, '0000-00-00 00:00:00'),
(68022, 680, NULL, 'PENGECATAN', NULL, NULL, NULL, NULL, NULL, NULL, NULL, NULL, NULL, NULL, NULL, NULL, NULL, NULL, 'A', 'T', NULL, 0, '0000-00-00 00:00:00'),
(68023, 680, NULL, 'SOUND SYSTEM', NULL, NULL, NULL, NULL, NULL, NULL, NULL, NULL, NULL, NULL, NULL, NULL, NULL, NULL, 'A', 'T', NULL, 0, '0000-00-00 00:00:00'),
(68024, 680, NULL, 'SALURAN AIR', NULL, NULL, NULL, NULL, NULL, NULL, NULL, NULL, NULL, NULL, NULL, NULL, NULL, NULL, 'A', 'T', NULL, 0, '0000-00-00 00:00:00'),
(68025, 680, NULL, 'PERBAIKAN AC', NULL, NULL, NULL, NULL, NULL, NULL, NULL, NULL, NULL, NULL, NULL, NULL, NULL, NULL, 'A', 'T', NULL, 0, '0000-00-00 00:00:00'),
(68026, 680, NULL, 'PERBAIKAN GEDUNG', NULL, NULL, NULL, NULL, NULL, NULL, NULL, NULL, NULL, NULL, NULL, NULL, NULL, NULL, 'A', 'T', NULL, 0, '0000-00-00 00:00:00'),
(68027, 680, NULL, 'PERBAIKAN MOBIL', NULL, NULL, NULL, NULL, NULL, NULL, NULL, NULL, NULL, NULL, NULL, NULL, NULL, NULL, 'A', 'T', NULL, 0, '0000-00-00 00:00:00'),
(68028, 680, NULL, 'PERBAIKAN TAMAN', NULL, NULL, NULL, NULL, NULL, NULL, NULL, NULL, NULL, NULL, NULL, NULL, NULL, NULL, 'A', 'T', NULL, 0, '0000-00-00 00:00:00'),
(68029, 680, NULL, 'LAIN-LAIN', NULL, NULL, NULL, NULL, NULL, NULL, NULL, NULL, NULL, NULL, NULL, NULL, NULL, NULL, 'A', 'T', NULL, 0, '0000-00-00 00:00:00');

-- --------------------------------------------------------

--
-- Table structure for table `acc_pasifa`
--

CREATE TABLE `acc_pasifa` (
  `head` varchar(1) NOT NULL,
  `tahunbulan` varchar(7) DEFAULT NULL,
  `kode` int(11) DEFAULT NULL,
  `saldo` decimal(42,4) DEFAULT NULL
) ENGINE=InnoDB DEFAULT CHARSET=latin1;

--
-- Dumping data for table `acc_pasifa`
--

INSERT INTO `acc_pasifa` (`head`, `tahunbulan`, `kode`, `saldo`) VALUES
('2', '201611', 21010, '2149047.0000'),
('2', '201611', 21020, '16818182.0000'),
('2', '201611', 21030, '9318182.0000'),
('2', '201611', 32010, '2103518500.0000'),
('2', '201701', 21020, '64703387.0000'),
('2', '201701', 32010, '14914000.0000'),
('2', '201702', 21020, '-6300106.0000'),
('2', '201703', 21020, '-23457827.0000'),
('2', '201703', 21090, '0.0000'),
('2', '201704', 21020, '79049176.0000'),
('2', '201705', 21020, '-61721903.0000'),
('2', '201706', 21020, '-32983000.0000'),
('2', '201706', 21030, '-30907290.0000'),
('2', '201707', 21020, '34383000.0000'),
('2', '201708', 21020, '-12833610.0000'),
('2', '201708', 21090, '0.0000'),
('2', '201709', 21020, '20196897.0000'),
('2', '201710', 21020, '-43363287.0000'),
('2', '201710', 21090, '0.0000'),
('2', '201711', 21020, '-22711959.0000'),
('2', '201711', 21090, '0.0000'),
('2', '201712', 21020, '-79697437.0000'),
('2', '201712', 21090, '0.0000'),
('2', '201801', 21020, '-27500000.0000'),
('2', '201812', 21090, '0.0000'),
('2', '201901', 32010, '1046119351.0000'),
('2', '201901', 32020, '-1046119351.0000');

-- --------------------------------------------------------

--
-- Table structure for table `acc_pendapatan`
--

CREATE TABLE `acc_pendapatan` (
  `head` varchar(1) DEFAULT NULL,
  `proyekfk` int(11) NOT NULL DEFAULT '0',
  `kontrakfk` int(11) DEFAULT NULL,
  `tahunbulan` varchar(7) DEFAULT NULL,
  `kode` int(11) DEFAULT NULL,
  `saldo` decimal(42,4) DEFAULT NULL
) ENGINE=InnoDB DEFAULT CHARSET=latin1;

--
-- Dumping data for table `acc_pendapatan`
--

INSERT INTO `acc_pendapatan` (`head`, `proyekfk`, `kontrakfk`, `tahunbulan`, `kode`, `saldo`) VALUES
('4', 0, NULL, '201701', 44020, '4945410.0000'),
('4', 0, NULL, '201701', 44030, '2900000.0000'),
('4', 0, NULL, '201702', 44030, '1736774.0000'),
('4', 0, NULL, '201703', 44030, '1970340.0000'),
('4', 0, NULL, '201704', 44030, '2139005.0000'),
('4', 0, NULL, '201705', 44030, '2577382.0000'),
('4', 0, NULL, '201706', 44030, '1435061.0000'),
('4', 0, NULL, '201707', 44030, '1277359.0000'),
('4', 0, NULL, '201708', 44030, '1690006.0000'),
('4', 0, NULL, '201709', 44030, '1895932.0000'),
('4', 0, NULL, '201710', 44030, '1531712.0000'),
('4', 0, NULL, '201711', 44030, '1429379.0000'),
('4', 0, 0, '201701', 44010, '257500000.0000'),
('4', 0, 0, '201701', 44020, '936925.0000'),
('4', 0, 0, '201701', 44030, '19407592.0000'),
('4', 0, 0, '201701', 44040, '0.0000'),
('4', 0, 0, '201702', 44010, '132000000.0000'),
('4', 0, 0, '201702', 44030, '-10244502.0000'),
('4', 0, 0, '201702', 44040, '0.0000'),
('4', 0, 0, '201703', 44010, '217700000.0000'),
('4', 0, 0, '201703', 44030, '-915000.0000'),
('4', 0, 0, '201703', 44040, '0.0000'),
('4', 0, 0, '201704', 44010, '352500000.0000'),
('4', 0, 0, '201704', 44040, '0.0000'),
('4', 0, 0, '201705', 44010, '407080000.0000'),
('4', 0, 0, '201705', 44030, '31164000.0000'),
('4', 0, 0, '201705', 44040, '0.0000'),
('4', 0, 0, '201706', 44010, '16670000.0000'),
('4', 0, 0, '201707', 44010, '360000000.0000'),
('4', 0, 0, '201707', 44040, '0.0000'),
('4', 0, 0, '201708', 44010, '175000000.0000'),
('4', 0, 0, '201708', 44040, '0.0000'),
('4', 0, 0, '201709', 44010, '227500000.0000'),
('4', 0, 0, '201709', 44030, '-1123000.0000'),
('4', 0, 0, '201709', 44040, '0.0000'),
('4', 0, 0, '201710', 44010, '20000000.0000'),
('4', 0, 0, '201710', 44030, '-995000.0000'),
('4', 0, 0, '201710', 44040, '0.0000'),
('4', 0, 0, '201711', 44010, '297500000.0000'),
('4', 0, 0, '201711', 44030, '-303500.0000'),
('4', 0, 0, '201711', 44040, '0.0000'),
('4', 0, 0, '201712', 44010, '160000000.0000'),
('4', 0, 0, '201712', 44040, '0.0000'),
('4', 0, 0, '201812', 44010, '20000000.0000'),
('4', 2, 0, '201705', 44030, '-742000.0000'),
('4', 2, 0, '201709', 44030, '-2760560.0000'),
('4', 2, 0, '201710', 44030, '-120000.0000'),
('4', 2, 0, '201711', 44010, '-6300000.0000'),
('4', 2, 0, '201711', 44030, '-609300.0000'),
('4', 2, 0, '201712', 44030, '-143400.0000'),
('4', 2, 0, '201801', 44010, '-4950000.0000'),
('4', 2, 0, '201801', 44030, '-339800.0000'),
('4', 3, 0, '201701', 44010, '500000.0000'),
('4', 3, 0, '201701', 44020, '18267675.0000'),
('4', 3, 0, '201701', 44030, '5000000.0000'),
('4', 3, 0, '201702', 44020, '32940000.0000'),
('4', 3, 0, '201703', 44020, '87276175.0000'),
('4', 3, 0, '201704', 44020, '49350500.0000'),
('4', 3, 0, '201705', 44010, '16370000.0000'),
('4', 3, 0, '201705', 44020, '29516000.0000'),
('4', 3, 0, '201705', 44030, '1250000.0000'),
('4', 3, 0, '201706', 44020, '31899750.0000'),
('4', 3, 0, '201707', 44020, '84993500.0000'),
('4', 3, 0, '201708', 44020, '49410000.0000'),
('4', 3, 0, '201709', 44020, '58345500.0000'),
('4', 3, 0, '201710', 44020, '17400000.0000'),
('4', 3, 0, '201711', 44020, '70314100.0000'),
('4', 3, 0, '201712', 44010, '-6300000.0000'),
('4', 3, 0, '201712', 44020, '28422000.0000'),
('4', 3, 0, '201712', 44030, '-615000.0000'),
('4', 3, 0, '201812', 44020, '9733000.0000'),
('4', 4, 0, '201702', 44010, '9260000.0000'),
('4', 4, 0, '201702', 44020, '35000.0000'),
('4', 4, 0, '201702', 44030, '21210000.0000'),
('4', 4, 0, '201703', 44010, '15270000.0000'),
('4', 4, 0, '201703', 44020, '60000.0000'),
('4', 4, 0, '201703', 44030, '18050000.0000'),
('4', 4, 0, '201704', 44010, '105000.0000'),
('4', 4, 0, '201704', 44020, '10000.0000'),
('4', 4, 0, '201704', 44030, '32800000.0000'),
('4', 4, 0, '201705', 44030, '14400000.0000'),
('4', 4, 0, '201706', 44030, '7500000.0000'),
('4', 4, 0, '201707', 44010, '79500000.0000'),
('4', 4, 0, '201707', 44020, '235000.0000'),
('4', 4, 0, '201707', 44030, '45070000.0000'),
('4', 4, 0, '201708', 44010, '45325000.0000'),
('4', 4, 0, '201708', 44030, '32155000.0000'),
('4', 4, 0, '201709', 44010, '57675000.0000'),
('4', 4, 0, '201709', 44030, '18175000.0000'),
('4', 4, 0, '201710', 44010, '6000000.0000'),
('4', 4, 0, '201710', 44030, '5850000.0000'),
('4', 4, 0, '201711', 44010, '91130000.0000'),
('4', 4, 0, '201711', 44030, '50650000.0000'),
('4', 4, 0, '201712', 44010, '47520000.0000'),
('4', 4, 0, '201712', 44030, '28900000.0000'),
('4', 4, 0, '201812', 44010, '7500000.0000'),
('4', 4, 0, '201812', 44030, '560000.0000');

--
-- Indexes for dumped tables
--

--
-- Indexes for table `acc_kiraan`
--
ALTER TABLE `acc_kiraan`
  ADD PRIMARY KEY (`kode`);

/*!40101 SET CHARACTER_SET_CLIENT=@OLD_CHARACTER_SET_CLIENT */;
/*!40101 SET CHARACTER_SET_RESULTS=@OLD_CHARACTER_SET_RESULTS */;
/*!40101 SET COLLATION_CONNECTION=@OLD_COLLATION_CONNECTION */;
